rank,rawRank,materialId,formula,family,spacegroup,energyAboveHullEv,bandGapEv,densityGcm3,score,primaryScore,secondaryScore,riskPenalty,stabilityComponent,bandGapComponent,densityComponent,riskFlags,liAtomicFraction,hydrogenAtomicFraction,duplicateGroup,duplicateCount,screeningLevel,materialsProjectUrl
1,1,mp-1143,Al2O3,generic,R-3c,0,5.853700000000001,3.873499124580814,0.921114,0.921114,0.582192,0.0,0.45,0.374276,0.096837,,0.0,0.0,Al2O3,10,proxy-screen,https://materialsproject.org/materials/mp-1143
2,2,mp-733790,SiO2,generic,P1,0.006573497500003,5.5868,2.254998357567127,0.885272,0.885272,0.604433,0.0,0.43521,0.393687,0.056375,,0.0,0.0,SiO2,12,proxy-screen,https://materialsproject.org/materials/mp-733790
3,3,mp-2652,Y2O3,generic,Ia-3,0,4.097300000000001,5.026122832858722,0.873639,0.873639,0.728558,0.0,0.45,0.297985,0.125653,,0.0,0.0,Y2O3,6,proxy-screen,https://materialsproject.org/materials/mp-2652
4,5,mp-1968,La2O3,generic,P-3m1,0,3.824799999999999,6.615226585908185,0.862787,0.862787,0.751267,0.0,0.45,0.278167,0.134619,,0.0,0.0,La2O3,3,proxy-screen,https://materialsproject.org/materials/mp-1968
5,6,mp-2858,ZrO2,generic,P2_1/c,0,3.5322,5.777331384412114,0.851321,0.851321,0.77565,0.0,0.45,0.256887,0.144433,,0.0,0.0,ZrO2,12,proxy-screen,https://materialsproject.org/materials/mp-2858
6,25,mp-352,HfO2,generic,P2_1/c,0,4.0165,10.24124328616322,0.786078,0.786078,0.735292,0.0,0.45,0.292109,0.043969,,0.0,0.0,HfO2,7,proxy-screen,https://materialsproject.org/materials/mp-352
7,28,mp-5020,BaTiO3,generic,R3m,4.098999996848818e-05,2.5086999999999993,5.89961040436988,0.779849,0.779849,0.779058,0.0,0.449908,0.182451,0.14749,,0.0,0.0,BaTiO3,3,proxy-screen,https://materialsproject.org/materials/mp-5020
8,45,mp-1439,TiO2,generic,Pbcn,0.004523600833332001,2.5281000000000002,4.307081249474625,0.731361,0.731361,0.780675,0.0,0.439822,0.183862,0.107677,,0.0,0.0,TiO2,12,proxy-screen,https://materialsproject.org/materials/mp-1439
9,54,mp-1238961,Ta2O5,generic,P2/m,0.013927193571428001,2.341,7.574235876861001,0.699562,0.699562,0.765083,0.0,0.418664,0.170255,0.110644,,0.0,0.0,Ta2O5,7,proxy-screen,https://materialsproject.org/materials/mp-1238961
